缺失TaxID且未下载	4	Abrus cantoniensis	-	-	cultivar: JGC-3	Fabales	Fabaceae	Abrus
缺失TaxID且未下载	10	Acer catalpifolium	-	diploid	-	Sapindales	Sapindaceae	Acer
缺失TaxID且未下载	19	Achnatherum splendens	-	-	-	Poales	Poaceae	Achnatherum
缺失TaxID且未下载	33	Adenosma buchneroides	-	-	-	Lamiales	Plantaginaceae	Adenosma
缺失TaxID且未下载	41	Aegilops muticum	-	hexaploid	2130012 (JIC)	Poales	Poaceae	Aegilops
缺失TaxID且未下载	50	Aesculus wilsonii	-	diploid	-	Sapindales	Sapindaceae	Aesculus
缺失TaxID且未下载	54	Agave hybrid NO.11648	-	diploid	-	Asparagales	Asparagaceae	Agave hybrid
缺失TaxID且未下载	59	Algal Strain CCCryo 101-99	-	haploid	-	-	-	-
缺失TaxID且未下载	85	Amomum tsao-ko	-	tetraploid	-	Zingiberales	Zingiberaceae	Amomum
缺失TaxID且未下载	90	Ananas bracteatus	-	diploid	-	Poales	Bromeliaceae	Ananas
缺失TaxID且未下载	93	Ancylonema nordenskiöldii	-	-	glacier alga	-	-	-
缺失TaxID且未下载	111	Apatococcus fuscideae (ApafusSAG2523)	-	-	-	Prasiolales	-	-
缺失TaxID且未下载	112	Apatococcus lobatus (ApalobSAG2145)	-	-	-	Prasiolales	-	-
缺失TaxID且未下载	119	Apple Fuji	-	-	-	Rosales	Rosaceae	Apple
缺失TaxID且未下载	120	Apple M9	-	-	-	Rosales	Rosaceae	Apple
缺失TaxID且未下载	121	Apple MM106	-	-	-	Rosales	Rosaceae	Apple
缺失TaxID且未下载	122	Aquilaria agallocha	-	-	-	Malvales	Thymelaeaceae	Aquilaria
缺失TaxID且未下载	144	Argania spinosa	-	-	-	Ericales	Sapotaceae	Argania
缺失TaxID且未下载	154	Artocarpu altilis	-	-	-	Rosales	Moraceae	Artocarpu
缺失TaxID且未下载	155	Artocarpu heterophyllus	-	-	-	Rosales	Moraceae	Artocarpu
缺失TaxID且未下载	161	Asclepias syriaca	-	diploid	-	Gentianales	Apocynaceae	Asclepias
缺失TaxID且未下载	176	Australimusa bananas	-	diploid	Bananas	Zingiberales	Musaceae	Australimusa
缺失TaxID且未下载	188	Avicennia rumphiana	-	-	-	Lamiales	Acanthaceae	Avicennia
缺失TaxID且未下载	191	Baccaurea ramifloraLour	-	-	-	Malpighiales	Phyllanthaceae	Baccaurea
缺失TaxID且未下载	223	Boea hygrometrica	-	-	-	Lamiales	Gesneriaceae	Boea
缺失TaxID且未下载	234	Bougainvillea x buttiana	-	diploid	Mrs. Butt'	Caryophyllales	Nyctaginaceae	Bougainvillea
缺失TaxID且未下载	267	Buxus austro‑yunnanensis	-	-	20010744	Buxales	Buxaceae	Buxus
缺失TaxID且未下载	272	Callerya speciosa	-	diploid	-	Fabales	Fabaceae	Callerya
缺失TaxID且未下载	283	Camellia sinensis Var.'Sangmok'	-	-	-	Ericales	Theaceae	Camelina
缺失TaxID且未下载	284	Camellia assamica Masters	-	diploid	tea	Ericales	Theaceae	Camelina
缺失TaxID且未下载	288	Camellia granthamiana Sealy	-	tetraploid	Grantham's camellia	Ericales	Theaceae	Camelina
缺失TaxID且未下载	289	"Camellia japonica ""Naidong"""	-	diploid	cjaND	Ericales	Theaceae	Camelina
缺失TaxID且未下载	295	Camphora longepaniculata	-	-	-	Laurales	Lauraceae	Camphora
缺失TaxID且未下载	299	Canna edulis	-	diploid	-	Zingiberales	Cannaceae	Canna
缺失TaxID且未下载	313	Cardamine enshiensis	-	-	-	Brassicales	Brassicaceae	Cardamine
缺失TaxID且未下载	344	Cavendish banana	-	triploid	BXJ1(haplotype 1)	Zingiberales	Musaceae	Cavendish
缺失TaxID且未下载	352	Cerasus pseudocerasus	-	-	Chinese cherry	Rosales	Rosaceae	Cerasus
缺失TaxID且未下载	353	Cerasus serrulata	-	-	-	Rosales	Rosaceae	Cerasus
缺失TaxID且未下载	354	Cerasus x kanzakura	-	diploid	Kawazu-zakura	Rosales	Rosaceae	Cerasus
缺失TaxID且未下载	377	Chlamydomonas debaryana	-	-	-	Chlamydomonadales	Chlamydomonadaceae	Chlamydomonas
缺失TaxID且未下载	383	Chlamydomonas sp. UWO241	-	-	-	Chlamydomonadales	Chlamydomonadaceae	Chlamydomonas
缺失TaxID且未下载	387	Chlorella desiccata	-	diploid	UTEX 2526	Chlorellales	Chlorellaceae	Chlorella
缺失TaxID且未下载	388	Chlorella protothecoides	-	-	-	Chlorellales	Chlorellaceae	Chlorella
缺失TaxID且未下载	389	Chlorella pyrenoidosa	-	-	-	Chlorellales	Chlorellaceae	Chlorella
缺失TaxID且未下载	390	Chlorella pyrenoidosa DBH	-	tetraploid	-	-	-	-
缺失TaxID且未下载	392	Chlorella sorokiniana NS4-2	-	tetraploid	-	Chlorellales	-	Chlorella
缺失TaxID且未下载	395	Chlorella vulgaris (CCAP 211/12)	-	-	-	Rosales	Rosaceae	Chlorella
缺失TaxID且未下载	400	Chouardia litardierei	-	diploid	-	Asparagales	Hyacinthaceae	Chouardia
缺失TaxID且未下载	405	Chrysanthemum morifolium	-	hexaploid	Zhongshanzigui	Asterales	Asteraceae	Chrysanthemum
缺失TaxID且未下载	406	Chrysanthemum nankingense	-	diploid	-	Asterales	Asteraceae	Chrysanthemum
缺失TaxID且未下载	418	Cinnamomum kanehirae	-	diploid	-	Laurales	Lauraceae	Cinnamomum
缺失TaxID且未下载	430	Citrullus species	-	diploid	-	Cucurbitales	Cucurbitaceae	Citrullus
缺失TaxID且未下载	433	Citrus changshanensis	-	-	-	Sapindales	Rutaceae	Citrus
缺失TaxID且未下载	434	Citrus clementina	-	-	-	Sapindales	Rutaceae	Citrus
缺失TaxID且未下载	437	Citrus grandis	-	diploid	-	Sapindales	Rutaceae	Citrus
缺失TaxID且未下载	439	Citrus hongheensis	-	-	-	Sapindales	Rutaceae	Citrus
缺失TaxID且未下载	440	Citrus ichangensis	-	diploid	-	Sapindales	Rutaceae	Citrus
缺失TaxID且未下载	442	Citrus limon	-	diploid	cv. 'Femminello Siracusano' (haplotype 2)	Sapindales	Rutaceae	Citrus
缺失TaxID且未下载	443	Citrus linwuensis	-	-	-	Sapindales	Rutaceae	Citrus
缺失TaxID且未下载	444	Citrus mangensis	-	-	-	Sapindales	Rutaceae	Citrus
缺失TaxID且未下载	447	Citrus paradisi x Poncirus trifoliata	-	-	-	Sapindales	Rutaceae	Citrus
缺失TaxID且未下载	449	Citrus reticulata 'Chachi'	-	-	-	Sapindales	Rutaceae	Citrus
缺失TaxID且未下载	450	Citrus reticulata cv.Chachiensis	-	-	-	Sapindales	Rutaceae	Citrus
缺失TaxID且未下载	454	Citrus x sinensis	-	diploid	Ridge Pineapple	Sapindales	Rutaceae	Citrus
缺失TaxID且未下载	457	Clarkia xantiana ssp. parviflora	-	-	-	Myrtales	Brassicaceae	Clarkia
缺失TaxID且未下载	460	Clerodendrum inerme	-	diploid	improved	Lamiales	Lamiaceae	Clerodendrum
缺失TaxID且未下载	465	Closterium peracerosum–strigosum–littorale complex	-	-	NIES-65	Zygnematales	-	Closterium
缺失TaxID且未下载	468	Coccomyxa pringsheimii (CocpriSAG2167)	-	-	-	Chlorellales	-	-
缺失TaxID且未下载	478	Coffea arabica var. Geisha	-	tetraploid	-	Gentianales	Rubiaceae	Coffea
缺失TaxID且未下载	491	Conyza canadensis	-	diploid	TN-R	Asterales	Asteraceae	Conyza
缺失TaxID且未下载	528	Cucumis sativus x Cucumis hytivus	-	tetraploid	S14	Cucurbitales	Cucurbitaceae	Cucumis
缺失TaxID且未下载	553	Daemonorops jenkinsiana	-	-	-	Arecales	Arecaceae	Daemonorops
缺失TaxID且未下载	589	Dioscorea rotundata	-	diploid	-	Dioscoreales	Dioscoreaceae	Dioscorea
缺失TaxID且未下载	610	Docynia delavayi	-	diploid	-	Rosales	Rosaceae	Docynia
缺失TaxID且未下载	638	Elliptochloris bilobata (EllbilSAG24580)	-	-	-	Chlorellales	-	-
缺失TaxID且未下载	651	Erianthus fulvus	-	-	ZM13	Poales	Poaceae	Erianthus
缺失TaxID且未下载	652	Erianthus rufpilus	-	-	Yunnan2009-3	Poales	Poaceae	Erianthus
缺失TaxID且未下载	656	Eruca sativa	-	diploid	-	Brassicales	Brassicaceae	Eruca
缺失TaxID且未下载	666	Eucalyptus albensa	-	-	-	Myrtales	Myrtaceae	Eucalyptus
缺失TaxID且未下载	667	Eucalyptus ANBG9806169	-	-	-	Myrtales	Myrtaceae	Eucalyptus
缺失TaxID且未下载	686	Eucalyptus melliodora × Eucalyptus sideroxylon	-	-	-	Myrtales	Myrtaceae	Eucalyptus
缺失TaxID且未下载	687	Eucalyptus melliodoraa	-	-	-	Myrtales	Myrtaceae	Eucalyptus
缺失TaxID且未下载	697	Eucalyptus sideroxylona	-	-	-	Myrtales	Myrtaceae	Eucalyptus
缺失TaxID且未下载	703	Eucalyptusglobulus	-	-	-	Myrtales	Myrtaceae	Eucalyptus
缺失TaxID且未下载	710	Euphrasia confusa Pugsley	-	tetraploid	Confused Eyebright	Lamiales	Orobanchaceae	Euphrasia
缺失TaxID且未下载	715	Eustoma grandiflorum	-	hexaploid	-	Gentianales	Gentianaceae	Eustoma
缺失TaxID且未下载	728	Fallopia multiflora	-	diploid	wild	Caryophyllales	Polygonaceae	Fallopia
缺失TaxID且未下载	729	Fallopia multiflora var. angulata	-	diploid	-	Caryophyllales	Polygonaceae	Fallopia
缺失TaxID且未下载	730	Festuca trachyphyila	-	-	Hard fescue	Poales	Poaceae	Festuca
缺失TaxID且未下载	738	Ficus sp.	-	-	-	Rosales	Moraceae	Ficus
缺失TaxID且未下载	742	Foeniculum vulgare	-	diploid	-	Apiales	Apiaceae	Foeniculum
缺失TaxID且未下载	743	Fokienia hodginsii	-	-	-	Cupressales	Cupressaceae	Fokienia
缺失TaxID且未下载	761	Fragaria × ananassa	-	octoploid	Benihoppe(haplotype 1)	Rosales	Rosaceae	Fragaria
缺失TaxID且未下载	777	Fraxinus mandschurica	-	diploid	-	Lamiales	Oleaceae	Fraxinus
缺失TaxID且未下载	830	Gossypium hirsutum Emian22	-	-	cotton	Malvales	Malvaceae	Gossypium
缺失TaxID且未下载	833	Gossypium purpurascens	-	tetraploid	-	Malvales	Malvaceae	Gossypium
缺失TaxID且未下载	842	Green alga Scenedesmus obliquus	-	diploid	green alga	Chlorococcales	Scenedesmaceae	Green
缺失TaxID且未下载	850	Haematococcus pluvialis	-	-	-	Chlamydomonadales	Haematococcaceae	Haematococcus
缺失TaxID且未下载	873	Hibiscus hamabo	-	-	-	Malvales	Malvaceae	Hibiscus
缺失TaxID且未下载	880	Hippophae rhamnoides spp. mongolica×Hippophae rhamnoides sinensis	-	diploid	Fructus hippophae	Rosales	Elaeagnaceae	Hippophae
缺失TaxID且未下载	883	Homosporous lycophytes	-	-	-	Lycopodiales	Lycopodiaceae	Homosporous
缺失TaxID且未下载	890	Hordeum spontaneum	-	diploid	EC-S1	Poales	Poaceae	Hordeum
缺失TaxID且未下载	896	Hylocereus undatus	-	-	David Bowie	Caryophyllales	Cactaceae	Hylocereus
缺失TaxID且未下载	899	Hypnum curvifolium	-	-	-	Hypnales	Hypnaceae	Hypnum
缺失TaxID且未下载	912	Ipomoea batata	-	hexaploid	Sweetpotato	Solanales	Convolvulaceae	Ipomoea
缺失TaxID且未下载	922	Isodon lophanthodies	-	diploid	-	Lamiales	Lamiaceae	Isodon
缺失TaxID且未下载	951	Kmeria septentrionalis	-	-	-	Magnoliales	Magnoliaceae	Kmeria
缺失TaxID且未下载	954	Kobresia littledalei	-	-	-	Poales	Cyperaceae	Kobresia
缺失TaxID且未下载	955	Kobresia myosuroides	-	-	-	Poales	Cyperaceae	Kobresia
缺失TaxID且未下载	956	Kochia scoparia	-	diploid	-	Caryophyllales	Amaranthaceae	Kochia
缺失TaxID且未下载	971	Larix sibirica Ledeb	-	diploid	-	Pinales	Pinaceae	Larix sibirica
缺失TaxID且未下载	982	Leonurus japonicus	-	-	-	Lamiales	Lamiaceae	Leonurus
缺失TaxID且未下载	983	Leonurus sibiricus	-	-	-	Lamiales	Lamiaceae	Leonurus
缺失TaxID且未下载	985	Lepidium apetalu	-	diploid	-	Brassicales	Brassicaceae	Lepidium
缺失TaxID且未下载	990	Leptochloa chinensis	-	tetraploid	LC16004	Poales	Poaceae	Leptochloa
缺失TaxID且未下载	991	Leptochloa panicea	-	diploid	-	Poales	Poaceae	Leptochloa
缺失TaxID且未下载	1000	Lindenbergia luchunensis	-	-	-	Lamiales	Orobanchaceae	Lindenbergia
缺失TaxID且未下载	1003	Lindernia brevidens	-	diploid	-	Lamiales	Linderniaceae	Lindernia
缺失TaxID且未下载	1028	Luffa acutangula SG261	-	diploid	-	Cucurbitales	Cucurbitaceae	Luffa
缺失TaxID且未下载	1029	Luffa cylindrica	-	diploid	Loofah	Cucurbitales	Cucurbitaceae	Luffa
缺失TaxID且未下载	1040	Lyciumbarbarum	-	-	wolfberry	Solanales	Solanaceae	Lyciumbarbarum
缺失TaxID且未下载	1044	Macadamia jansenii.	-	-	-	Proteales	Proteaceae	Macadamia
缺失TaxID且未下载	1055	Magnoliaceae sinica	-	diploid	Magnolia sinica	Magnoliales	Magnoliaceae	Magnoliaceae
缺失TaxID且未下载	1063	Malus hybrid 'Flame'	-	diploid	-	Rosales	Rosaceae	Malus
缺失TaxID且未下载	1064	Malus hybrid 'Royalty'	-	diploid	-	Rosales	Rosaceae	Malus
缺失TaxID且未下载	1065	Malus hybrid 'SH6'	-	diploid	-	Rosales	Rosaceae	Malus
缺失TaxID且未下载	1071	Malus x domestica	-	diploid	Golden Delicious	Rosales	Rosaceae	Malus
缺失TaxID且未下载	1078	Marsdenia tenacissima	-	-	-	Gentianales	Apocynaceae	Marsdenia
缺失TaxID且未下载	1084	Medicago sativa ssp. falcata	-	tetraploid	-	Fabales	Fabaceae	Medicago
缺失TaxID且未下载	1100	Mentha suaveolens 'Variegata'	-	diploid	mint	Lamiales	Lamiaceae	Mentha
缺失TaxID且未下载	1101	Mentha × piperita	-	hexaploid	Peppermint	Lamiales	Lamiaceae	Mentha
缺失TaxID且未下载	1110	Michelia alba DC (MC)	-	diploid	-	Magnoliales	Magnoliaceae	Michelia
缺失TaxID且未下载	1111	Michelia alba DC (MM)	-	diploid	-	Magnoliales	Magnoliaceae	Michelia
缺失TaxID且未下载	1122	Mimulus guttatus	-	tetraploid	-	Lamiales	Phrymaceae	Mimulus
缺失TaxID且未下载	1123	Mimulus luteus	-	tetraploid	-	Lamiales	Phrymaceae	Mimulus
缺失TaxID且未下载	1144	Morinda officinalis	-	-	Gaoji 3	Gentianales	Rubiaceae	Morinda
缺失TaxID且未下载	1147	Morus genus	-	diploid	-	Rosales	Moraceae	Morus
缺失TaxID且未下载	1162	Muscadinia rotundifolia	-	diploid	cv. Trayshed (haplotype 2)	Vitales	Vitaceae	Muscadinia
缺失TaxID且未下载	1165	Myrciaria cauliflora	-	diploid	treegrapes	Myrtales	Myrtaceae	Myrciaria
缺失TaxID且未下载	1166	Myrica rubra	-	diploid	Chinese bayberry	Fagales	Myricaceae	Myrica
缺失TaxID且未下载	1168	Myrmecia bisecta (MyrbisSAG2043)	-	-	-	Trebouxiales	-	Myrmecia bisecta
缺失TaxID且未下载	1169	Nannochloropsis oceanica C018	-	-	microalga	Tetrasporales	Chlorococcaceae	Nannochloropsis oceanica
缺失TaxID且未下载	1196	Notopterygium incisum	-	diploid	-	Apiales	Apiaceae	Notopterygium
缺失TaxID且未下载	1206	Ocimum sanctum	-	diploid	CIM Ayu	Lamiales	Lamiaceae	Ocimum
缺失TaxID且未下载	1211	Oldenlandia diffusa	-	diploid	-	Gentianales	Rubiaceae	Oldenlandia
缺失TaxID且未下载	1216	Opuntia exhibit	-	-	cactus pear	Caryophyllales	Cactaceae	Opuntia
缺失TaxID且未下载	1219	Orinus kokonorica	-	tetraploid	-	Poales	Poaceae	Orinus
缺失TaxID且未下载	1223	Orobanche cumana	-	-	-	Lamiales	Orobanchaceae	Orobanche
缺失TaxID且未下载	1233	Oryza glumaepatula	-	diploid	-	Poales	Poaceae	Oryza
缺失TaxID且未下载	1234	Oryza granulata	-	diploid	No.102117	Poales	Poaceae	Oryza
缺失TaxID且未下载	1243	Oryza sativa ssp. indica	-	-	indica rice	Poales	Poaceae	Oryza
缺失TaxID且未下载	1246	Ostreococcus lucimarinus	-	-	-	Mamiellales	Bathycoccaceae	Ostreococcus
缺失TaxID且未下载	1256	Pachypodium lamerei Drake	-	-	-	Gentianales	Apocynaceae	Pachypodium
缺失TaxID且未下载	1271	Papaver setigerum	-	diploid	DCW1	Ranunculales	Papaveraceae	Papaver
缺失TaxID且未下载	1273	Papilionanthe Miss Joaquim	-	diploid	Agnes	Asparagales	Orchidaceae	Papilionanthe
缺失TaxID且未下载	1278	Paspalum notatum Flüggé var. saurae	-	diploid	-	Poales	Poaceae	Paspalum
缺失TaxID且未下载	1286	Pedinophyceae sp.YPF701	-	-	NIES-2566	-	Pedinophyceae	Pedinophyceae
缺失TaxID且未下载	1290	Pennisetum alopecuroides	-	diploid	Liqiu	Poales	Poaceae	Pennisetum
缺失TaxID且未下载	1292	Pennisetum glaucum	-	diploid	Tiftleaf 3	Poales	Poaceae	Pennisetum
缺失TaxID且未下载	1293	Pennisetum purpureum	-	tetraploid	CIAT6263	Poales	Poaceae	Pennisetum
缺失TaxID且未下载	1298	Penthorum chinense Pursh	-	-	GanHuang Cao	Saxifragales	Penthoraceae	Penthorum
缺失TaxID且未下载	1300	Perilla citriodora	-	-	-	Lamiales	Lamiaceae	Perilla
缺失TaxID且未下载	1308	Petunia inflata	-	diploid	-	Solanales	Solanaceae	Petunia
缺失TaxID且未下载	1309	Peucedanum praeruptorum	-	-	-	Apiales	Apiaceae	Peucedanum
缺失TaxID且未下载	1313	Phanera championii	-	diploid	-	Fabales	Fabaceae	Phanera
缺失TaxID且未下载	1328	Phyllanthus emblica	-	diploid	-	Malpighiales	Phyllanthaceae	Phyllanthus
缺失TaxID且未下载	1330	Physalis floridana	-	diploid	-	Solanales	Solanaceae	Physalis
缺失TaxID且未下载	1336	Physcomitrella patens	-	-	-	Funariales	Funariaceae	Physcomitrella
缺失TaxID且未下载	1342	Picea engelmannii x glauca x sitchensis	-	-	-	Pinales	Pinaceae	Picea
缺失TaxID且未下载	1347	Picochlorum sp. SENEW3	-	diploid	-	Picochlorales	Picochloraceae	Picochlorum
缺失TaxID且未下载	1360	Pisum sativum	-	diploid	cultivar Cameor	Fabales	Fabaceae	Pisum
缺失TaxID且未下载	1363	Plantain	-	triploid	Bananas	Zingiberales	Musaceae	Plantain
缺失TaxID且未下载	1366	Platanus × acerifolia	-	hexaploid	London planetree	Proteales	Platanaceae	Platanus ×
缺失TaxID且未下载	1369	Platycodon grandiflorum	-	-	-	Asterales	Campanulaceae	Platycodon
缺失TaxID且未下载	1384	Poncirus polyandra	-	diploid	-	Sapindales	Rutaceae	Poncirus
缺失TaxID且未下载	1385	Poncirus trifoliata	-	diploid	DPI 50-7	Sapindales	Rutaceae	Poncirus
缺失TaxID且未下载	1389	Populus alba × Populus tremula var. glandulosa	-	diploid	Poplar	Malpighiales	Salicaceae	Populus
缺失TaxID且未下载	1394	Populus deltoides x canadensis	-	-	-	Malpighiales	Salicaceae	Populus
缺失TaxID且未下载	1408	Popuplus tremula	-	-	-	Malpighiales	Salicaceae	Popuplus
缺失TaxID且未下载	1413	Potentilla anserina	-	tetraploid	-	Rosales	Rosaceae	Potentilla
缺失TaxID且未下载	1416	Premna obtusifolia	-	-	-	Lamiales	Lamiaceae	Premna
缺失TaxID且未下载	1424	Prosopis alba	-	diploid	-	Fabales	Fabaceae	Prosopis
缺失TaxID且未下载	1426	Prosopis alba	-	tetraploid	B1F8T4	Fabales	Fabaceae	Prosopis
缺失TaxID且未下载	1443	Prunus hongpingensis	-	-	PHP	Rosales	Rosaceae	Prunus
缺失TaxID且未下载	1454	Prunus salicina cv. 'Fengtangli'	-	diploid	plum	Rosales	Rosaceae	Prunus
缺失TaxID且未下载	1471	Pueraria lobata	-	diploid	-	Fabales	Fabaceae	Pueraria
缺失TaxID且未下载	1477	Pyrus bretschneideri	-	diploid	-	Rosales	Rosaceae	Pyrus
缺失TaxID且未下载	1478	Pyrus bretschneideri cv. 'Danshansuli'	-	-	-	Rosales	Rosaceae	Pyrus
缺失TaxID且未下载	1480	Pyrus communis cv. 'Conference'	-	-	-	Rosales	Rosaceae	Pyrus
缺失TaxID且未下载	1483	Pyrus sinkiangensis Yu cv. Korla xiangli×Pyrus bretschneideri Rehd. cv. Eli	-	-	Hongxiangsu	Rosales	Rosaceae	Pyrus
缺失TaxID且未下载	1484	Pyrus sinkiangensis Yu cv. Korla xiangli×Pyrus bretschneideri Rehd. cv. Xuehua	-	-	Yuluxiang	Rosales	Rosaceae	Pyrus
缺失TaxID且未下载	1504	Raparia bulbosa	-	-	-	Brassicales	Brassicaceae	Raparia
缺失TaxID且未下载	1506	Raphanus raphanistrumm x Raphanus sativus	-	-	-	Brassicales	Brassicaceae	Raphanus
缺失TaxID且未下载	1509	Reaumuria soongarica	-	diploid	-	Caryophyllales	Tamaricaceae	Reaumuria
缺失TaxID且未下载	1511	Reticulofenestra parvula	-	-	RCC4036	-	-	Reticulofenestra
缺失TaxID且未下载	1512	Reynoutria multiflora	-	diploid	-	Caryophyllales	Polygonaceae	Reynoutria
缺失TaxID且未下载	1527	Rhododendron championae	-	hexaploid	-	Ericales	Ericaceae	Rhododendron
缺失TaxID且未下载	1540	Rhododendron ripense	-	-	Hi-Oni1	Ericales	Ericaceae	Rhododendron
缺失TaxID且未下载	1544	Rhododendronneriiflorum	-	hexaploid	-	Ericales	Ericaceae	Rhododendron
缺失TaxID且未下载	1545	Rhododendron x pulchrum	-	-	haplotype 1	Ericales	Ericaceae	Rhododendron 
缺失TaxID且未下载	1546	Rhododendron x pulchrum	-	-	haplotype 2	Ericales	Ericaceae	Rhododendron
缺失TaxID且未下载	1549	Rhus chinensis Mill	-	diploid	Nutgall tree; Chinese sumac	Sapindales	Anacardiaceae	Rhus chinensis
缺失TaxID且未下载	1559	Rosa gigantea	-	-	RG	Rosales	Rosaceae	Rosa
缺失TaxID且未下载	1560	Rosa hybrida	-	tetraploid	Modern rose	Rosales	Rosaceae	Rosa
缺失TaxID且未下载	1565	Rosa wichuraiana	-	diploid	Basye's Thornless	Rosales	Rosaceae	Rosa
缺失TaxID且未下载	1568	Rose chinensis	-	diploid	-	Rosales	Rosaceae	Rose
缺失TaxID且未下载	1569	Rosmarinus officinalis	-	-	-	Lamiales	Lamiaceae	Rosmarinus
缺失TaxID且未下载	1576	Rubus rosaefolius	-	-	-	Rosales	Rosaceae	Rubus
缺失TaxID且未下载	1580	Saccharum spp.	-	-	-	Poales	Poaceae	Saccharum
缺失TaxID且未下载	1581	Saccharum x sp.	-	-	KK3	Poales	Poaceae	Saccharum
缺失TaxID且未下载	1607	Sambucus nigra Linnaeus	-	diploid	elderberry; European elder	Dipsacales	Adoxaceae	Sambucus
缺失TaxID且未下载	1611	Santalum. album	-	-	-	Santalales	Santalaceae	Santalum.
缺失TaxID且未下载	1615	Sauropus androgynus	-	diploid	-	Malpighiales	Phyllanthaceae	Sauropus
缺失TaxID且未下载	1616	Sauropus spatulifolius	-	-	-	Malpighiales	Phyllanthaceae	Sauropus
缺失TaxID且未下载	1620	Scaevola sericea	-	-	-	Asterales	Goodeniaceae	Scaevola
缺失TaxID且未下载	1624	Scenedesmus sellowii	-	-	-	Malpighiales	Scenedesmaceae	Scenedesmus
缺失TaxID且未下载	1625	Scenedesmus silvestris	-	-	-	Malpighiales	Scenedesmaceae	Scenedesmus
缺失TaxID且未下载	1637	Sechium edule	-	diploid	-	Cucurbitales	Cucurbitaceae	Sechium
缺失TaxID且未下载	1661	Shorea henryana	-	-	-	Malvales	Dipterocarpaceae	Shorea
缺失TaxID且未下载	1662	Shorea leprosula	-	-	-	Caryophyllales	Caryophyllaceae	Shorea
缺失TaxID且未下载	1664	Shorea roxburghii	-	diploid	-	Caryophyllales	Caryophyllaceae	Shorea
缺失TaxID且未下载	1668	Silk	-	triploid	Bananas	Zingiberales	Musaceae	Silk
缺失TaxID且未下载	1672	Sinapis arvensis	-	-	-	Gentianales	Gentianaceae	Sinapis
缺失TaxID且未下载	1675	Sinoswer tia tetraptera	-	-	variety Qingpiguo	Cucurbitales	Cucurbitaceae	Sinoswer tia
缺失TaxID且未下载	1682	Solanum andigena	-	diploid	nos. 670、716	Solanales	Solanaceae	Solanum
缺失TaxID且未下载	1688	Solanum brevicaule × Solanum tuberosum	-	diploid	-	Solanales	Solanaceae	Solanum
缺失TaxID且未下载	1701	Solanum commersonii × Solanum andigena	-	diploid	-	Solanales	Solanaceae	Solanum
缺失TaxID且未下载	1738	Solanum tarnii × Solanum tuberosum	-	diploid	-	Solanales	Solanaceae	Solanum
缺失TaxID且未下载	1748	Sophora japonica	-	diploid	-	Fabales	Fabaceae	Sophora
缺失TaxID且未下载	1749	Sophora koreensis	-	-	-	Rosales	Rosaceae	Sophora
缺失TaxID且未下载	1751	Sorbus pohuashanensis	-	diploid	update BTx623	Poales	Poaceae	Sorbus
缺失TaxID且未下载	1755	Soybean	-	tetraploid	Soybean	Fabales	Fabaceae	Soybean
缺失TaxID且未下载	1757	Spartina alterniflora	-	diploid	cordgrass	Poales	Poaceae	Spartina
缺失TaxID且未下载	1764	Spinacia turkestanica	-	diploid	-	Caryophyllales	Amaranthaceae	Spinacia
缺失TaxID且未下载	1767	Spinacia turkestanica	-	diploid	-	Caryophyllales	Amaranthaceae	Spinacia
缺失TaxID且未下载	1773	Sporobolus pyramidalis	-	diploid	-	Malvales	Thymelaeaceae	Sporobolus
缺失TaxID且未下载	1778	Stephania cepharantha	-	-	-	Ranunculales	Menispermaceae	Stephania
缺失TaxID且未下载	1793	Sugarcane R570	-	diploid	Sugarcane;	Poales	Poaceae	Sugarcane
缺失TaxID且未下载	1794	Sugarcane ZZ1	-	haploid	Sugarcane	Poales	Poaceae	Sugarcane
缺失TaxID且未下载	1796	Symbiochloris irregularis (SymirrSAG2036)	-	-	-	Trebouxiales	-	Symbiochloris
缺失TaxID且未下载	1826	Taxus yunnanensis	-	diploid	HCNGB_00001711	Lamiales	Lamiaceae	Taxus
缺失TaxID且未下载	1832	Tetradesmus acuminatus	-	tetraploid	-	Zygophyllales	Zygophyllaceae	Tetradesmus
缺失TaxID且未下载	1842	Thellungiella parvula	-	-	-	Brassicales	Brassicaceae	Thellungiella
缺失TaxID且未下载	1843	Thellungiella salsuginea	-	-	TtPh16-4	Poales	Poaceae	Thellungiella
缺失TaxID且未下载	1857	Tinospora sagittata	-	tetraploid	-	Ranunculales	Menispermaceae	Tinospora
缺失TaxID且未下载	1865	Toxicodendron succedaneum 'Japan'	-	diploid	-	Sapindales	Anacardiaceae	Toxicodendron
缺失TaxID且未下载	1866	Toxicodendron succedaneum 'Vietnam'	-	diploid	-	Sapindales	Anacardiaceae	Toxicodendron
缺失TaxID且未下载	1868	Toxicodendron vernicifluum 'Dali'	-	diploid	-	Sapindales	Anacardiaceae	Toxicodendron
缺失TaxID且未下载	1872	Trebouxia sp (TrespOTU1)	-	-	-	Trebouxiales	-	Trebouxia
缺失TaxID且未下载	1873	Trebouxia sp (TrespOTU3)	-	-	-	Trebouxiales	-	Trebouxia
缺失TaxID且未下载	1874	Trebouxia sp (TrespOTU5)	-	-	-	Trebouxiales	-	Trebouxia
缺失TaxID且未下载	1875	Trema orientalis	-	-	-	Dioscoreales	Dioscoreaceae	Trema
缺失TaxID且未下载	1892	Tripterygium sp.	-	hexaploid	Chinese Spring	Poales	Poaceae	Tripterygium
缺失TaxID且未下载	1931	Vicia sativa ssp. amphicarpa	-	tetraploid	-	Fabales	Fabaceae	Vicia
缺失TaxID且未下载	1939	Vigna reflexo-pilosa	-	diploid	-	Fabales	Fabaceae	Vigna
缺失TaxID且未下载	1954	Vitis berlandieri x Vitis riparia	-	diploid	Richter 110 haplotype V. rupestris	Vitales	Vitaceae	Vitis
缺失TaxID且未下载	1955	Vitis berlandieri x Vitis rupestris	-	-	-	Vitales	Vitaceae	Vitis
缺失TaxID且未下载	1960	Vitis labruscana x Vitis vinifera	-	diploid	TX6703(haplotype 2)	Vitales	Vitaceae	Vitis
缺失TaxID且未下载	1963	Vitis mustangensis x Vitis acerifolia	-	diploid	Riparia Gloire de Montpellier(phased)	Vitales	Vitaceae	Vitis
缺失TaxID且未下载	1969	Vitis vinifera cv. 'Manicure Finger'	-	diploid	-	Vitales	Vitaceae	Vitis
缺失TaxID且未下载	1970	Vitis vinifera ssp. vinifera	-	diploid	cultivated grapevine	Vitales	Vitaceae	Vitis
缺失TaxID且未下载	1995	Zingiber officinale Roscoe	-	diploid	ginger	Zingiberales	Zingiberaceae	Zingiber
缺失TaxID且未下载	1999	Ziziphus jujuba var.'Lingwuchangzao'	-	diploid	-	Rosales	Rhamnaceae	Ziziphus
缺失TaxID且未下载	2000	Ziziphus jujuba var.'Shiguang'	-	tetraploid	-	Rosales	Rhamnaceae	Ziziphus
缺失TaxID且未下载	2007	Zygnema cf. cylindricum SAG 698-1a_XF	-	-	-	Zygnematales	Zygnemataceae	Zygnema
缺失TaxID且未下载	2008	Zygnema circumcarinatum SAG 698-1b	-	-	-	Zygnematales	Zygnemataceae	Zygnema
缺失TaxID且未下载	2009	Zygnema circumcarinatum UTEX 1559	-	-	-	Zygnematales	Zygnemataceae	Zygnema
缺失TaxID且未下载	2010	Zygnema circumcarinatum UTEX 1560	-	-	-	Zygnematales	Zygnemataceae	Zygnema
缺失TaxID已下载	96	Angophora floribunda	-	-	-	Myrtales	Myrtaceae	Angophora
缺失TaxID已下载	1763	Spinacia tetrandra	-	diploid	-	Caryophyllales	Amaranthaceae	Spinacia
